<?xml version="1.0" encoding="UTF-8"?>
<!DOCTYPE tiendas [
<!ELEMENT tiendas (nombre,direccion,distribuidor*,movil+)>
<!ELEMENT nombre (#PCDATA)>
<!ELEMENT direccion (#PCDATA)>
<!ATTLIST nombre idnombre ID #REQUIRED>
<!ATTLIST direccion idnombre ID #REQUIRED>
<!ELEMENT distribiudor (#PCDATA)>
<!ELEMENT movil (codigo_modelo,marca,caracteristicas)>
]>
<tiendas>
    <nombre idnombre="">TecnoloDiaz</nombre>
    <direccion idnombre=""></direccion>
    <distribuidor></distribuidor>    
    <movil>
        <codigo_modelo>66554</codigo_modelo>
        <marca>Alcatel</marca>
        <caracteristicas>6gb ram</caracteristicas>
    </movil>
</tiendas>
